City,Latitude,Longitude,Max Temp,Humidity,Cloudiness,Wind Speed,Country,Date
alofi,-19.0595,-169.9187,75.09,94.0,75.0,10.36,NU,1665499833.0
upernavik,72.7868,-56.1549,20.1,68.0,100.0,4.43,GL,1665499834.0
ushuaia,-54.8,-68.3,49.66,46.0,75.0,11.5,AR,1665499713.0
georgetown,5.4112,100.3354,83.89,79.0,20.0,5.75,MY,1665499834.0
rosarito,32.3333,-117.0333,66.47,81.0,36.0,4.38,MX,1665499835.0
moron,-34.6534,-58.6198,69.94,41.0,34.0,3.09,AR,1665499835.0
kununurra,-15.7667,128.7333,78.78,65.0,9.0,5.75,AU,1665499535.0
santiago,-33.4569,-70.6483,70.99,51.0,0.0,12.66,CL,1665499640.0
barrow,71.2906,-156.7887,30.22,93.0,100.0,26.46,US,1665499836.0
port-gentil,-0.7193,8.7815,85.96,70.0,40.0,14.97,GA,1665499836.0
santa cruz,-17.8,-63.1667,69.85,49.0,75.0,11.5,BO,1665499608.0
new norfolk,-42.7826,147.0587,53.92,64.0,100.0,1.01,AU,1665499837.0
batagay-alyta,67.8006,130.4114,1.72,88.0,9.0,4.63,RU,1665499837.0
balaka,-14.9793,34.9558,90.18,14.0,0.0,8.1,MW,1665499838.0
rikitea,-23.1203,-134.9692,70.81,74.0,3.0,7.18,PF,1665499839.0
puerto ayora,-0.7393,-90.3518,67.96,88.0,96.0,5.01,EC,1665499839.0
hithadhoo,-0.6,73.0833,79.77,81.0,100.0,19.8,MV,1665499839.0
torbay,47.6666,-52.7314,53.28,63.0,40.0,13.8,CA,1665499840.0
karpathos,35.507,27.2132,73.36,64.0,20.0,14.97,GR,1665499841.0
zhangye,38.9342,100.4517,52.32,17.0,92.0,5.82,CN,1665499841.0
saint george,37.1041,-113.5841,57.79,47.0,0.0,0.0,US,1665499622.0
bredasdorp,-34.5322,20.0403,70.88,63.0,38.0,12.84,ZA,1665499842.0
olinda,-8.0089,-34.8553,83.93,61.0,40.0,16.11,BR,1665499843.0
puerto wilches,7.3483,-73.896,82.96,70.0,96.0,2.01,CO,1665499843.0
hermanus,-34.4187,19.2345,70.81,86.0,88.0,5.97,ZA,1665499845.0
avarua,-21.2078,-159.775,73.45,88.0,75.0,17.27,CK,1665499847.0
leningradskiy,69.3833,178.4167,22.08,69.0,100.0,23.35,RU,1665499847.0
okhotsk,59.3833,143.3,30.43,75.0,99.0,13.47,RU,1665499848.0
atuona,-9.8,-139.0333,76.15,74.0,62.0,16.17,PF,1665499849.0
chinhoyi,-17.3667,30.2,87.12,12.0,0.0,11.65,ZW,1665499849.0
labuhan,-6.8844,112.2051,79.88,78.0,100.0,5.37,ID,1665499850.0
provideniya,64.3833,-173.3,28.8,71.0,71.0,10.58,RU,1665499850.0
yellowknife,62.456,-114.3525,34.32,93.0,100.0,17.27,CA,1665499851.0
guerrero negro,27.9769,-114.0611,69.67,80.0,98.0,9.95,MX,1665499852.0
jamestown,42.097,-79.2353,63.52,57.0,0.0,8.05,US,1665499719.0
roald,62.5833,6.1333,46.9,71.0,75.0,14.97,NO,1665499852.0
severo-kurilsk,50.6789,156.125,50.85,96.0,95.0,15.3,RU,1665499853.0
tual,-5.6667,132.75,83.32,71.0,95.0,5.73,ID,1665499853.0
mataura,-46.1927,168.8643,43.7,66.0,99.0,0.38,NZ,1665499854.0
kaitangata,-46.2817,169.8464,38.43,85.0,19.0,4.81,NZ,1665499854.0
bambous virieux,-20.3428,57.7575,73.65,64.0,40.0,6.91,MU,1665499855.0
cururupu,-1.8283,-44.8683,88.25,55.0,99.0,8.77,BR,1665499855.0
porto de moz,-1.7483,-52.2383,93.29,41.0,100.0,3.0,BR,1665499855.0
cherskiy,68.75,161.3,19.04,89.0,100.0,15.43,RU,1665499856.0
saint-jean-de-braye,47.913,1.9771,64.51,73.0,20.0,8.05,FR,1665499785.0
ilulissat,69.2167,-51.1,27.66,58.0,85.0,4.74,GL,1665499856.0
mar del plata,-38.0023,-57.5575,61.88,60.0,0.0,14.97,AR,1665499862.0
bubaque,11.2833,-15.8333,83.44,75.0,100.0,6.64,GW,1665499864.0
awassa,7.05,38.4667,64.83,81.0,44.0,5.32,ET,1665499865.0
ahuimanu,21.4447,-157.8378,76.75,89.0,40.0,0.0,US,1665499867.0
hilo,19.7297,-155.09,81.28,83.0,0.0,5.75,US,1665499579.0
busselton,-33.65,115.3333,52.18,68.0,49.0,9.48,AU,1665499868.0
buy,58.4786,41.53,43.52,76.0,8.0,1.74,RU,1665499868.0
manono,-7.3,27.4167,81.3,47.0,84.0,4.41,CD,1665499869.0
canico,32.6333,-16.85,76.12,53.0,40.0,16.11,PT,1665499870.0
outjo,-20.1167,16.15,94.57,6.0,86.0,10.8,NA,1665499871.0
port alfred,-33.5906,26.891,72.18,64.0,100.0,10.0,ZA,1665499871.0
urusha,54.05,122.9,31.6,80.0,54.0,0.45,RU,1665499872.0
sao joao da barra,-21.6403,-41.0511,84.29,70.0,6.0,16.62,BR,1665499872.0
dikson,73.5069,80.5464,32.32,99.0,100.0,8.25,RU,1665499873.0
agrado,2.2573,-75.7714,82.09,46.0,96.0,2.33,CO,1665499873.0
cape town,-33.9258,18.4232,74.26,60.0,20.0,11.5,ZA,1665499645.0
winneba,5.3511,-0.6231,81.32,73.0,94.0,9.44,GH,1665499875.0
caconda,-13.7333,15.0667,90.66,9.0,97.0,7.4,AO,1665499875.0
pangnirtung,66.1451,-65.7125,24.8,74.0,40.0,8.05,CA,1665499876.0
cayenne,4.9333,-52.3333,87.84,62.0,75.0,11.5,GF,1665499876.0
butaritari,3.0707,172.7902,81.1,80.0,100.0,16.33,KI,1665499877.0
atbasar,51.8,68.3333,51.69,41.0,95.0,4.63,KZ,1665499878.0
margate,51.3813,1.3862,60.31,63.0,6.0,1.99,GB,1665499880.0
kruisfontein,-34.0033,24.7314,69.89,70.0,99.0,25.12,ZA,1665499881.0
hobart,-42.8794,147.3294,54.27,79.0,100.0,6.91,AU,1665499881.0
warri,5.5167,5.75,85.32,67.0,62.0,6.93,NG,1665499882.0
sao filipe,14.8961,-24.4956,80.37,74.0,26.0,7.65,CV,1665499882.0
belaya gora,68.5333,146.4167,17.24,77.0,22.0,7.49,RU,1665499883.0
tiksi,71.6872,128.8694,21.96,80.0,90.0,23.0,RU,1665499883.0
svetlogorsk,52.6333,29.7333,47.44,65.0,4.0,6.02,BY,1665499884.0
willowmore,-33.2926,23.4895,79.72,36.0,21.0,12.44,ZA,1665499885.0
la libertad,-2.2333,-80.9,69.46,83.0,100.0,4.61,EC,1665499886.0
burhaniye,39.5004,26.9727,70.75,56.0,93.0,2.62,TR,1665499886.0
rognan,67.0953,15.3878,48.34,98.0,100.0,6.76,NO,1665499887.0
kapaa,22.0752,-159.319,73.72,78.0,0.0,9.22,US,1665499887.0
makasar,-5.14,119.4221,77.05,100.0,20.0,3.44,ID,1665499888.0
saint-philippe,-21.3585,55.7679,72.99,74.0,22.0,10.22,RE,1665499889.0
belen,36.4891,36.2233,68.45,38.0,0.0,4.18,TR,1665499890.0
uhlove,44.8215,33.6045,59.02,45.0,2.0,6.82,UA,1665499891.0
naze,28.3667,129.4833,70.72,64.0,60.0,12.75,JP,1665499891.0
dutlwe,-23.9833,23.9,91.74,10.0,6.0,10.85,BW,1665499892.0
broome,42.2506,-75.833,58.35,84.0,23.0,4.0,US,1665499892.0
khatanga,71.9667,102.5,27.43,95.0,100.0,3.27,RU,1665499893.0
vera cruz,-12.6333,-41.0333,81.97,32.0,59.0,9.44,BR,1665499893.0
vaini,-21.2,-175.2,73.56,88.0,20.0,10.36,TO,1665499894.0
waw,7.7029,27.9953,80.08,77.0,47.0,3.65,SS,1665499894.0
mahebourg,-20.4081,57.7,73.69,64.0,40.0,6.91,MU,1665499895.0
bluff,-46.6,168.3333,48.25,56.0,100.0,5.19,NZ,1665499900.0
chokurdakh,70.6333,147.9167,12.07,82.0,93.0,9.44,RU,1665499902.0
port blair,11.6667,92.75,78.84,83.0,75.0,2.3,IN,1665499903.0
armacao de pera,37.1026,-8.357,71.51,80.0,78.0,4.59,PT,1665499904.0
sangar,63.9242,127.4739,17.26,96.0,66.0,2.71,RU,1665499904.0
tungawan,7.5081,122.3711,78.31,89.0,85.0,4.81,PH,1665499905.0
kavaratti,10.5669,72.642,82.0,71.0,100.0,8.61,IN,1665499906.0
san rafael,-34.6177,-68.3301,71.94,14.0,0.0,1.07,AR,1665499839.0
kahului,20.8947,-156.47,75.85,78.0,20.0,3.0,US,1665499366.0
palmer,42.1584,-72.3287,59.32,82.0,5.0,4.56,US,1665499908.0
bonthe,7.5264,-12.505,83.32,73.0,100.0,8.25,SL,1665499909.0
albany,42.6001,-73.9662,58.26,69.0,45.0,2.15,US,1665499210.0
faanui,-16.4833,-151.75,78.13,75.0,13.0,15.9,PF,1665499909.0
punta arenas,-53.15,-70.9167,50.11,53.0,75.0,24.16,CL,1665499910.0
ribeira grande,38.5167,-28.7,76.77,78.0,20.0,11.01,PT,1665499911.0
matadi,-5.8167,13.45,94.42,38.0,51.0,5.26,CD,1665499911.0
pascagoula,30.3658,-88.5561,71.33,64.0,0.0,5.75,US,1665499689.0
damietta,31.4165,31.8133,78.69,68.0,0.0,11.48,EG,1665499912.0
wenling,28.3669,121.36,59.65,73.0,80.0,9.98,CN,1665499912.0
caravelas,-17.7125,-39.2481,83.05,51.0,54.0,9.06,BR,1665499913.0
touros,-5.1989,-35.4608,86.09,54.0,23.0,21.59,BR,1665499749.0
coquimbo,-29.9533,-71.3436,58.73,72.0,0.0,5.75,CL,1665499913.0
bengkulu,-3.8004,102.2655,75.83,86.0,93.0,3.62,ID,1665499914.0
beringovskiy,63.05,179.3167,31.95,53.0,95.0,3.04,RU,1665499914.0
carnarvon,-24.8667,113.6333,64.81,62.0,96.0,30.56,AU,1665499915.0
tuatapere,-46.1333,167.6833,42.42,77.0,75.0,1.66,NZ,1665499915.0
lompoc,34.6391,-120.4579,59.77,96.0,100.0,3.44,US,1665499916.0
geraldton,-28.7667,114.6,55.81,67.0,4.0,10.36,AU,1665499916.0
namibe,-15.1961,12.1522,75.83,73.0,75.0,12.66,AO,1665499916.0
tuktoyaktuk,69.4541,-133.0374,28.4,100.0,100.0,6.91,CA,1665499918.0
oranjemund,-28.55,16.4333,62.85,80.0,87.0,12.35,NA,1665499918.0
lima,-12.0432,-77.0282,59.25,82.0,75.0,6.91,PE,1665499826.0
mount gambier,-37.8333,140.7667,63.81,37.0,100.0,11.3,AU,1665499919.0
arawa,-6.2132,155.5367,75.56,90.0,100.0,3.27,PG,1665499919.0
srednekolymsk,67.45,153.6833,13.05,88.0,27.0,7.47,RU,1665499919.0
nikolskoye,59.7035,30.7861,51.78,70.0,100.0,11.52,RU,1665499920.0
wuxue,29.8506,115.5525,53.78,47.0,59.0,4.43,CN,1665499921.0
saskylakh,71.9167,114.0833,26.08,94.0,100.0,7.74,RU,1665499921.0
longyearbyen,78.2186,15.6401,33.64,69.0,75.0,27.63,SJ,1665499922.0
waipawa,-41.4122,175.5153,44.78,85.0,84.0,3.85,NZ,1665499923.0
cabo san lucas,22.8909,-109.9124,81.75,54.0,48.0,8.14,MX,1665499755.0
kavieng,-2.5744,150.7967,81.43,76.0,97.0,10.25,PG,1665499924.0
san quintin,30.4833,-115.95,67.28,83.0,99.0,7.65,MX,1665499929.0
noshiro,40.2039,140.0242,57.38,75.0,100.0,13.11,JP,1665499930.0
matara,5.9485,80.5353,78.3,87.0,83.0,7.9,LK,1665499931.0
grindavik,63.8424,-22.4338,44.55,100.0,100.0,8.05,IS,1665499931.0
mugango,-1.6833,33.7,78.98,47.0,36.0,6.6,TZ,1665499932.0
port macquarie,-31.4333,152.9167,57.88,79.0,97.0,1.86,AU,1665499932.0
tautira,-17.7333,-149.15,76.03,80.0,37.0,17.47,PF,1665499933.0
bintulu,3.1667,113.0333,77.41,94.0,40.0,3.44,MY,1665499933.0
syracuse,37.0881,15.2792,76.59,68.0,43.0,4.74,IT,1665499277.0
aklavik,68.2191,-135.0107,21.85,91.0,61.0,3.13,CA,1665499934.0
yenangyaung,20.4667,94.8833,78.75,81.0,28.0,7.61,MM,1665499934.0
diego de almagro,-26.3667,-70.05,72.07,11.0,0.0,6.26,CL,1665499935.0
siuna,13.7332,-84.7773,80.82,81.0,42.0,2.33,NI,1665499936.0
noumea,-22.2763,166.4572,67.98,83.0,36.0,8.34,NC,1665499936.0
limbe,4.0242,9.2149,80.71,78.0,58.0,7.38,CM,1665499937.0
victoria,22.2855,114.1577,77.32,60.0,10.0,5.01,HK,1665499639.0
luocheng,29.3848,104.0286,62.01,77.0,100.0,2.06,CN,1665499937.0
zunyi,27.6867,106.9072,59.38,44.0,100.0,3.47,CN,1665499938.0
palu,-0.8917,119.8707,74.05,95.0,100.0,2.91,ID,1665499939.0
tasiilaq,65.6145,-37.6368,33.24,99.0,100.0,1.83,GL,1665499939.0
karlshamn,56.1706,14.8619,55.9,68.0,11.0,15.08,SE,1665499940.0
ekhabi,53.5102,142.9671,40.5,97.0,100.0,22.32,RU,1665499940.0
yar-sale,66.8333,70.8333,38.68,94.0,100.0,15.57,RU,1665499941.0
ponta do sol,32.6667,-17.1,76.12,55.0,8.0,4.23,PT,1665499942.0
totness,5.8833,-56.3167,86.11,66.0,97.0,5.99,SR,1665499943.0
bilgram,27.1833,80.0333,76.3,86.0,4.0,5.53,IN,1665499943.0
lidkoping,58.5052,13.1577,53.62,63.0,5.0,11.1,SE,1665499944.0
obo,5.3998,26.4869,74.95,84.0,80.0,4.07,CF,1665499945.0
luanda,-8.8368,13.2343,80.6,65.0,20.0,11.5,AO,1665499805.0
morshansk,53.4435,41.8107,52.11,82.0,100.0,7.0,RU,1665499946.0
port hedland,-20.3167,118.5667,78.85,65.0,0.0,17.27,AU,1665499947.0
tiquicheo,18.8833,-100.7333,75.83,75.0,100.0,1.19,MX,1665499948.0
port elizabeth,-33.918,25.5701,72.1,83.0,20.0,32.21,ZA,1665499730.0
college,64.8569,-147.8028,29.07,90.0,75.0,4.61,US,1665499949.0
isabela,6.7085,121.9711,79.88,84.0,98.0,7.16,PH,1665499950.0
naliya,23.2667,68.8333,84.87,50.0,0.0,8.19,IN,1665499950.0
lumphat,13.4878,106.9816,73.11,98.0,100.0,2.17,KH,1665499951.0
dicabisagan,17.0818,122.4157,77.38,91.0,100.0,8.43,PH,1665499952.0
deputatskiy,69.3,139.9,0.18,85.0,22.0,4.79,RU,1665499952.0
vila velha,-20.3297,-40.2925,85.95,62.0,40.0,14.97,BR,1665499826.0
vila franca do campo,37.7167,-25.4333,72.01,64.0,31.0,4.18,PT,1665499953.0
arauca,7.0847,-70.7591,82.36,74.0,40.0,6.91,CO,1665499954.0
chicama,-7.8447,-79.1469,59.54,67.0,61.0,7.74,PE,1665499954.0
angoche,-16.2325,39.9086,79.05,70.0,0.0,8.68,MZ,1665499955.0
east london,-33.0153,27.9116,74.34,49.0,0.0,17.27,ZA,1665499956.0
pechory,57.8164,27.6119,45.86,80.0,94.0,9.35,RU,1665499956.0
saldanha,-33.0117,17.9442,73.45,88.0,73.0,14.36,ZA,1665499957.0
berlevag,70.8578,29.0864,49.95,76.0,100.0,4.61,NO,1665499958.0
manaus,-3.1019,-60.025,82.9,74.0,75.0,6.91,BR,1665499930.0
chuy,-33.6971,-53.4616,56.62,94.0,100.0,9.55,UY,1665499964.0
port lincoln,-34.7333,135.8667,56.52,82.0,99.0,7.96,AU,1665499964.0
pimenta bueno,-11.6725,-61.1936,86.04,63.0,91.0,3.98,BR,1665499965.0
dunedin,-45.8742,170.5036,44.8,83.0,47.0,4.92,NZ,1665499965.0
esperance,-33.8667,121.9,53.37,65.0,52.0,16.08,AU,1665499966.0
aras,42.5617,-2.356,67.77,94.0,20.0,8.05,ES,1665499966.0
aksarka,66.5606,67.7975,37.44,87.0,80.0,11.68,RU,1665499967.0
basco,20.4487,121.9702,78.55,86.0,100.0,38.21,PH,1665499968.0
general pico,-35.6566,-63.7568,75.78,16.0,8.0,10.76,AR,1665499880.0
arraial do cabo,-22.9661,-42.0278,78.66,78.0,0.0,14.97,BR,1665499968.0
kayerkan,69.3497,87.7602,33.53,100.0,100.0,7.52,RU,1665499969.0
half moon bay,37.4636,-122.4286,58.8,94.0,100.0,4.61,US,1665499969.0
atasu,48.6814,71.6433,50.38,34.0,23.0,6.73,KZ,1665499970.0
port hardy,50.6996,-127.4199,44.78,87.0,20.0,4.61,CA,1665499970.0
halifax,44.6453,-63.5724,56.5,62.0,40.0,1.14,CA,1665499746.0
los llanos de aridane,28.6585,-17.9182,71.35,88.0,75.0,10.36,ES,1665499971.0
lebu,-37.6167,-73.65,52.68,69.0,97.0,5.66,CL,1665499971.0
opuwo,-18.0607,13.84,95.68,7.0,80.0,11.07,NA,1665499973.0
tsumeb,-19.2333,17.7167,93.11,7.0,55.0,16.17,NA,1665499973.0
san patricio,28.017,-97.5169,84.07,54.0,90.0,11.88,US,1665499973.0
charlestown,-32.95,151.6667,59.74,91.0,4.0,4.68,AU,1665499940.0
akyab,20.15,92.9,81.5,75.0,45.0,3.58,MM,1665499741.0
richards bay,-28.783,32.0377,79.61,65.0,99.0,18.12,ZA,1665499974.0
sakakah,29.9697,40.2064,96.37,15.0,0.0,5.77,SA,1665499975.0
mayumba,-3.432,10.6554,80.11,78.0,69.0,9.95,GA,1665499975.0
klaksvik,62.2266,-6.589,49.12,87.0,58.0,18.7,FO,1665499976.0
humaita,-7.5061,-63.0208,93.85,44.0,79.0,4.29,BR,1665499976.0
castro,-24.7911,-50.0119,74.59,61.0,93.0,10.63,BR,1665499977.0
portland,45.5234,-122.6762,53.53,87.0,75.0,1.01,US,1665499332.0
seoul,37.5683,126.9778,49.44,84.0,0.0,3.44,KR,1665499806.0
weligama,5.9667,80.4167,78.15,87.0,81.0,7.92,LK,1665499977.0
salalah,17.0151,54.0924,79.11,68.0,0.0,3.94,OM,1665499802.0
juegang,32.3174,121.1855,64.9,63.0,5.0,6.04,CN,1665499978.0
lalibela,12.0333,39.0333,63.28,63.0,40.0,7.52,ET,1665499978.0
pangai,-19.8,-174.35,76.12,70.0,58.0,19.48,TO,1665499979.0
filadelfia,39.9523,-75.1638,66.78,63.0,0.0,3.44,US,1665499724.0
qaqortoq,60.7167,-46.0333,35.47,70.0,97.0,9.64,GL,1665499979.0
mancio lima,-7.6142,-72.8958,86.07,70.0,0.0,0.0,BR,1665499980.0
viesca,25.35,-102.8,72.82,54.0,21.0,7.18,MX,1665499980.0
biak,-0.9131,122.8766,76.05,85.0,100.0,4.61,ID,1665499981.0
fortuna,40.5982,-124.1573,51.98,88.0,100.0,0.0,US,1665499981.0
sur,22.5667,59.5289,81.7,50.0,2.0,1.74,OM,1665499982.0
north bend,43.4065,-124.2243,57.92,99.0,100.0,6.91,US,1665499987.0
anadyr,64.75,177.4833,19.9,86.0,0.0,6.71,RU,1665499987.0
alice springs,-23.7,133.8833,71.15,20.0,32.0,10.36,AU,1665499988.0
kudahuvadhoo,2.6708,72.8944,81.25,73.0,100.0,21.14,MV,1665499988.0
carauari,-4.8828,-66.8958,88.56,53.0,97.0,4.16,BR,1665499989.0
khanpur,28.6453,70.6567,84.51,14.0,0.0,8.34,PK,1665499989.0
salinas,36.6777,-121.6555,54.91,100.0,100.0,3.44,US,1665499990.0
andenes,69.3143,16.1194,46.38,81.0,75.0,19.57,NO,1665499990.0
dudinka,69.4058,86.1778,34.63,99.0,100.0,4.54,RU,1665499991.0
mataram,-8.5833,116.1167,76.01,84.0,100.0,5.91,ID,1665499991.0
safaga,26.7292,33.9365,83.19,56.0,0.0,10.54,EG,1665499992.0
shingu,33.7333,135.9833,57.02,77.0,40.0,6.71,JP,1665499992.0
mogadishu,2.0371,45.3438,82.27,74.0,20.0,17.27,SO,1665499936.0
stromness,58.965,-3.296,53.56,82.0,100.0,11.99,GB,1665499993.0
sao jose da coroa grande,-8.8978,-35.1478,81.55,63.0,25.0,13.94,BR,1665499994.0
jumla,29.2747,82.1838,51.33,90.0,17.0,4.34,NP,1665499994.0
bethel,41.3712,-73.414,63.57,71.0,4.0,5.26,US,1665499994.0
vao,-22.6667,167.4833,71.85,75.0,13.0,12.59,NC,1665499995.0
windhoek,-22.5594,17.0832,93.4,8.0,0.0,12.66,NA,1665499996.0
airai,-8.9266,125.4092,62.19,87.0,100.0,1.16,TL,1665499996.0
bhawanipatna,19.9,83.1667,74.95,91.0,96.0,4.29,IN,1665499997.0
poum,-20.2333,164.0167,75.43,75.0,49.0,7.49,NC,1665499998.0
katsuura,35.1333,140.3,71.94,70.0,100.0,17.02,JP,1665499998.0
maracaju,-21.6144,-55.1683,71.56,87.0,100.0,9.53,BR,1665499999.0
constitucion,-35.3333,-72.4167,59.61,61.0,4.0,10.67,CL,1665499717.0
lavrentiya,65.5833,-171.0,25.74,66.0,18.0,8.01,RU,1665500000.0
udachnyy,66.4167,112.4,30.45,92.0,100.0,6.35,RU,1665500001.0
sorland,67.667,12.6934,46.26,69.0,100.0,32.03,NO,1665500001.0
hope mills,34.9704,-78.9453,69.49,59.0,0.0,3.44,US,1665500002.0
pafos,34.7667,32.4167,78.58,61.0,20.0,16.11,CY,1665500003.0
bathsheba,13.2167,-59.5167,79.41,94.0,75.0,12.66,BB,1665500003.0
antalaha,-14.9003,50.2788,72.16,77.0,0.0,11.61,MG,1665500004.0
ahipara,-35.1667,173.1667,55.15,88.0,100.0,3.94,NZ,1665500004.0
rogovskaya,45.7312,38.7396,56.21,72.0,99.0,13.89,RU,1665500005.0
nanortalik,60.1432,-45.2371,36.75,78.0,97.0,11.05,GL,1665500006.0
tynda,55.1667,124.7167,28.36,90.0,16.0,0.51,RU,1665500007.0
high level,58.5169,-117.136,39.31,81.0,75.0,9.22,CA,1665499800.0
nishihara,26.1842,127.7558,74.48,64.0,75.0,18.41,JP,1665500008.0
yulara,-25.2406,130.9889,78.8,23.0,99.0,17.65,AU,1665500008.0
san cristobal,7.7669,-72.225,71.78,51.0,64.0,7.05,VE,1665500009.0
mawlaik,23.6333,94.4167,74.79,99.0,83.0,1.12,MM,1665500010.0
la union,-5.4,-80.75,74.17,56.0,36.0,8.59,PE,1665500011.0
petropavlovsk-kamchatskiy,53.0452,158.6483,43.39,93.0,100.0,26.84,RU,1665500011.0
fairbanks,64.8378,-147.7164,29.08,90.0,100.0,4.61,US,1665499890.0
san benito,36.6166,-121.0844,41.63,36.0,0.0,1.05,US,1665500012.0
disna,55.568,28.1971,46.98,76.0,100.0,7.94,BY,1665500012.0
veraval,20.9,70.3667,82.74,79.0,27.0,7.25,IN,1665500013.0
mitsamiouli,-11.3847,43.2844,73.69,94.0,100.0,10.36,KM,1665500013.0
tirano,46.2154,10.1679,71.31,62.0,100.0,4.34,IT,1665500019.0
harindanga,22.0383,88.3214,80.11,86.0,18.0,8.12,IN,1665500019.0
muros,42.7762,-9.0603,76.84,63.0,0.0,6.06,ES,1665500020.0
iqaluit,63.7506,-68.5145,24.53,68.0,75.0,10.36,CA,1665500020.0
kiama,-34.6833,150.8667,60.01,82.0,40.0,6.62,AU,1665500021.0
saint leonard,47.173,-67.9247,47.77,69.0,10.0,11.43,CA,1665500021.0
whitianga,-36.8333,175.7,54.72,81.0,100.0,3.62,NZ,1665500022.0
dibulla,11.2725,-73.3091,85.93,71.0,32.0,9.08,CO,1665500022.0
arvika,59.6553,12.5852,54.21,53.0,1.0,5.35,SE,1665500023.0
pevek,69.7008,170.3133,27.07,85.0,100.0,28.88,RU,1665500023.0
mapiripan,2.8892,-72.1256,82.47,80.0,100.0,4.29,CO,1665500024.0
worland,44.0169,-107.9554,54.75,56.0,100.0,14.0,US,1665500024.0
ajdabiya,30.7554,20.2263,78.03,41.0,100.0,8.77,LY,1665500025.0
aguas verdes,-3.4814,-80.245,71.51,61.0,75.0,7.23,PE,1665500026.0
ocampo,21.65,-101.5,56.43,74.0,87.0,4.52,MX,1665500026.0
dzilam gonzalez,21.2833,-88.9333,79.56,87.0,100.0,7.34,MX,1665500027.0
padang,-0.9492,100.3543,73.45,86.0,99.0,1.9,ID,1665500028.0
salinopolis,-0.6136,-47.3561,86.5,63.0,20.0,12.44,BR,1665500028.0
hofn,64.2539,-15.2082,46.49,93.0,100.0,14.0,IS,1665500028.0
jalu,29.0331,21.5482,83.89,24.0,98.0,7.16,LY,1665500029.0
yumen,40.2833,97.2,49.32,29.0,100.0,10.47,CN,1665500029.0
gat,31.61,34.7642,79.48,100.0,0.0,13.04,IL,1665500030.0
nome,64.5011,-165.4064,28.47,80.0,100.0,4.61,US,1665499893.0
shambu,9.5667,37.1,54.05,91.0,49.0,0.94,ET,1665500031.0
clyde river,70.4692,-68.5914,19.63,79.0,75.0,18.41,CA,1665500031.0
phan thiet,10.9333,108.1,77.52,86.0,100.0,2.71,VN,1665500032.0
gizo,-8.103,156.8419,82.49,71.0,34.0,5.77,SB,1665500032.0
itacarambi,-15.1022,-44.0919,93.81,20.0,14.0,10.13,BR,1665500032.0
devils lake,48.1128,-98.8651,55.38,62.0,0.0,9.22,US,1665499803.0
hamilton,39.1834,-84.5333,65.75,59.0,63.0,1.99,US,1665499948.0
birin,26.8865,88.0718,60.12,93.0,51.0,4.0,NP,1665500033.0
saint-pierre,-21.3393,55.4781,73.08,68.0,75.0,19.57,RE,1665500034.0
la reforma,25.0833,-108.05,79.74,54.0,0.0,4.03,MX,1665500034.0
sinnamary,5.3833,-52.95,86.2,65.0,45.0,8.28,GF,1665500034.0
challapata,-18.9,-66.7667,54.66,6.0,0.0,18.34,BO,1665500035.0
qaanaaq,77.484,-69.3632,5.41,65.0,94.0,7.61,GL,1665500035.0
alekseyevsk,57.8406,108.3492,37.02,97.0,100.0,9.08,RU,1665500036.0
port moresby,-9.4431,147.1797,76.42,94.0,20.0,3.44,PG,1665499856.0
keuruu,62.2667,24.7,46.58,92.0,100.0,13.31,FI,1665500036.0
wattegama,6.7989,81.4808,77.67,84.0,97.0,5.86,LK,1665500036.0
mutsu,41.2894,141.2169,56.48,72.0,99.0,18.48,JP,1665500037.0
kreuzlingen,47.65,9.1833,66.58,70.0,99.0,5.99,CH,1665500037.0
khasan,42.4308,130.6434,49.15,57.0,0.0,13.31,RU,1665500038.0
kodiak,57.79,-152.4072,38.55,75.0,40.0,11.07,US,1665500038.0
cidreira,-30.1811,-50.2056,64.71,90.0,100.0,11.01,BR,1665500039.0
mpulungu,-8.7623,31.1141,81.82,46.0,100.0,2.44,ZM,1665500039.0
gladstone,-23.85,151.25,64.33,63.0,8.0,8.05,AU,1665500039.0
tahoua,14.8888,5.2692,98.58,18.0,6.0,4.61,NE,1665500045.0
flinders,-34.5833,150.8552,56.12,83.0,44.0,5.06,AU,1665500046.0
shagonar,51.5333,92.8,44.33,51.0,75.0,1.03,RU,1665500046.0
rania,29.5333,74.8333,77.83,67.0,0.0,7.38,IN,1665500047.0
kirakira,-10.4544,161.9205,78.08,83.0,16.0,1.36,SB,1665500047.0
sitka,57.0531,-135.33,52.07,93.0,100.0,7.94,US,1665500048.0
santiago del estero,-27.7951,-64.2615,73.9,20.0,0.0,4.85,AR,1665500048.0
boden,65.8252,21.6886,46.4,76.0,100.0,4.34,SE,1665500049.0
lixourion,38.2019,20.4314,73.27,68.0,55.0,3.2,GR,1665500050.0
lazaro cardenas,17.9583,-102.2,81.21,77.0,100.0,3.78,MX,1665500050.0
enid,36.3956,-97.8784,67.01,88.0,0.0,17.27,US,1665500051.0
buala,-8.145,159.5921,79.0,75.0,4.0,1.39,SB,1665500054.0
goure,13.9835,10.2704,98.08,12.0,7.0,14.63,NE,1665500054.0
ipswich,52.0592,1.1555,60.85,56.0,14.0,3.83,GB,1665499821.0
mersin,36.862,34.6509,76.17,55.0,0.0,8.28,TR,1665500055.0
kaili,-3.4626,120.2147,65.86,90.0,98.0,3.78,ID,1665500055.0
koungheul,13.9833,-14.8,95.85,41.0,80.0,2.19,SN,1665500057.0
norman wells,65.282,-126.8329,26.64,86.0,75.0,8.05,CA,1665500058.0
thompson,55.7435,-97.8558,46.56,87.0,75.0,2.3,CA,1665500059.0
liverpool,53.4106,-2.9779,59.9,63.0,20.0,6.91,GB,1665500059.0
saint anthony,45.0205,-93.218,64.94,67.0,3.0,4.0,US,1665500019.0
itoman,26.1247,127.6694,75.22,62.0,75.0,18.41,JP,1665500060.0
luderitz,-26.6481,15.1594,64.53,76.0,100.0,12.55,NA,1665500060.0
ukiah,39.1502,-123.2078,65.37,73.0,0.0,0.0,US,1665500061.0
ust-kuyga,70.0167,135.6,8.1,93.0,53.0,8.97,RU,1665500062.0
mbandaka,0.0487,18.2603,79.5,71.0,80.0,2.98,CD,1665500062.0
sorong,-0.8833,131.25,79.68,82.0,100.0,4.29,ID,1665500062.0
pandoh,31.6833,77.05,64.13,85.0,23.0,3.94,IN,1665500063.0
souillac,-20.5167,57.5167,73.78,64.0,40.0,6.91,MU,1665500063.0
komsomolskiy,40.4272,71.7189,61.52,33.0,0.0,2.3,UZ,1665500064.0
santarem,-2.4431,-54.7083,86.13,70.0,20.0,9.22,BR,1665500064.0
quthing,-30.4,27.7003,82.26,17.0,90.0,17.22,LS,1665500065.0
huarmey,-10.0681,-78.1522,67.51,73.0,74.0,10.71,PE,1665500065.0
luganville,-15.5333,167.1667,77.49,87.0,98.0,6.02,VU,1665500065.0
hambantota,6.1241,81.1185,80.94,89.0,20.0,6.91,LK,1665500066.0
acarau,-2.8856,-40.12,90.12,47.0,31.0,17.38,BR,1665500066.0
eureka,40.8021,-124.1637,52.25,83.0,7.0,1.01,US,1665500067.0
dawlatabad,36.4141,64.9053,66.63,15.0,0.0,4.63,AF,1665500068.0
khangah dogran,31.8317,73.6231,78.66,48.0,4.0,7.27,PK,1665500069.0
lebedyn,50.5852,34.4849,48.22,71.0,30.0,7.96,UA,1665500069.0
awjilah,29.1081,21.2869,84.47,23.0,100.0,6.33,LY,1665500069.0
kutum,14.2,24.6667,88.0,19.0,26.0,13.6,SD,1665500070.0
korla,41.7597,86.1469,47.16,73.0,83.0,19.6,CN,1665500071.0
nyurba,63.2842,118.3319,30.24,98.0,100.0,7.02,RU,1665500071.0
kadyy,57.787,43.1903,41.97,66.0,6.0,3.36,RU,1665500072.0
port shepstone,-30.7414,30.455,81.48,50.0,69.0,18.68,ZA,1665500056.0
grand-santi,4.25,-54.3833,93.11,43.0,99.0,3.71,GF,1665500072.0
vardo,70.3705,31.1107,49.98,76.0,75.0,25.32,NO,1665500078.0
novoseleznevo,55.6821,69.2056,51.22,76.0,100.0,6.71,RU,1665500079.0
honningsvag,70.9821,25.9704,47.95,71.0,66.0,10.36,NO,1665500080.0
beyneu,45.3167,55.2,67.01,14.0,100.0,10.69,KZ,1665500080.0
chara,56.9064,118.2631,33.75,81.0,100.0,2.01,RU,1665500081.0
xai-xai,-25.0519,33.6442,77.65,69.0,5.0,13.6,MZ,1665500082.0
tura,25.5198,90.2201,71.6,97.0,89.0,3.62,IN,1665500082.0
stornoway,58.2093,-6.3865,53.92,93.0,75.0,6.91,GB,1665500083.0
pangody,65.85,74.4859,38.95,91.0,100.0,10.76,RU,1665500084.0
huilong,31.8111,121.655,64.92,60.0,70.0,8.01,CN,1665500084.0
mikun,62.3547,50.0771,39.79,96.0,26.0,4.12,RU,1665500085.0
sibolga,1.7427,98.7792,77.36,85.0,95.0,2.8,ID,1665500085.0
saint-ambroise,48.5501,-71.3324,47.57,53.0,99.0,10.36,CA,1665500086.0
namatanai,-3.6667,152.4333,80.17,77.0,55.0,7.34,PG,1665500087.0
mao,39.8885,4.2658,70.36,78.0,20.0,8.05,ES,1665500087.0
te anau,-45.4167,167.7167,39.34,85.0,63.0,2.04,NZ,1665500087.0
cudahy,33.9606,-118.1853,68.68,83.0,100.0,0.0,US,1665500088.0
eyl,7.9803,49.8164,77.79,81.0,69.0,21.3,SO,1665500088.0
maragogi,-9.0122,-35.2225,81.46,63.0,33.0,14.03,BR,1665500089.0
ixtapa,20.7,-105.2,82.22,73.0,12.0,1.01,MX,1665500090.0
codrington,-38.2667,141.9667,59.61,54.0,100.0,14.05,AU,1665500090.0
bahia blanca,-38.7196,-62.2724,73.89,19.0,28.0,18.25,AR,1665500076.0
pisco,-13.7,-76.2167,64.45,72.0,25.0,6.91,PE,1665500000.0
gorele,41.0308,39.0031,60.89,82.0,98.0,2.95,TR,1665500091.0
basoko,1.2391,23.616,77.54,80.0,79.0,3.24,CD,1665500091.0
kapit,2.0167,112.9333,73.06,99.0,100.0,1.16,MY,1665500092.0
barra patuca,15.8,-84.2833,82.83,78.0,95.0,6.73,HN,1665500092.0
jackson,42.4165,-122.8345,52.79,74.0,41.0,1.66,US,1665500057.0
sharjah,25.3573,55.4033,89.58,58.0,0.0,11.5,AE,1665499933.0
sobolevo,54.4299,31.8996,45.3,70.0,59.0,5.57,RU,1665500093.0
lisakovsk,52.5369,62.4936,53.37,39.0,100.0,5.46,KZ,1665500094.0
oga,46.4631,10.347,61.48,56.0,100.0,2.95,IT,1665500094.0
vila do maio,15.1333,-23.2167,81.39,81.0,95.0,13.94,CV,1665500094.0
nkhotakota,-12.9274,34.2961,83.59,33.0,0.0,3.0,MW,1665500095.0
peniche,39.3558,-9.3811,77.07,87.0,0.0,11.79,PT,1665500095.0
minna,9.6139,6.5569,89.31,58.0,40.0,3.44,NG,1665500096.0
bahir dar,11.5936,37.3908,65.7,79.0,78.0,5.57,ET,1665500096.0
khandyga,62.6667,135.6,28.96,98.0,100.0,4.09,RU,1665500096.0
bowen,-20.0167,148.2333,73.38,76.0,46.0,19.33,AU,1665500097.0
piacabucu,-10.4056,-36.4344,83.3,56.0,18.0,12.55,BR,1665500097.0
zhongshu,24.5167,103.7667,54.32,96.0,100.0,3.42,CN,1665500098.0
lockhart,28.6194,-81.4426,84.97,77.0,86.0,1.99,US,1665500098.0
vangaindrano,-23.35,47.6,72.18,75.0,3.0,9.42,MG,1665500098.0
kindu,-2.95,25.95,83.43,58.0,49.0,0.74,CD,1665500099.0
timmins,48.4669,-81.3331,44.42,76.0,20.0,8.05,CA,1665500099.0
bairiki,1.3292,172.9752,82.4,78.0,75.0,6.91,KI,1665500100.0
olafsvik,64.8945,-23.7142,45.27,80.0,100.0,12.3,IS,1665500100.0
cap malheureux,-19.9842,57.6142,72.46,66.0,0.0,4.0,MU,1665500100.0
tongren,27.7172,109.1853,56.73,28.0,21.0,3.94,CN,1665500106.0
hay river,60.8156,-115.7999,33.78,86.0,100.0,33.38,CA,1665500107.0
dakar,14.6937,-17.4441,92.28,79.0,0.0,9.22,SN,1665500107.0
houma,29.5958,-90.7195,75.99,74.0,15.0,5.99,US,1665500108.0
krasnoselkup,65.7,82.4667,36.72,91.0,100.0,13.0,RU,1665500109.0
odessa,46.4775,30.7326,60.44,31.0,25.0,2.01,UA,1665500109.0
ripoll,42.2006,2.1903,71.37,65.0,100.0,4.0,ES,1665500110.0
ciudad bolivar,8.1222,-63.5497,88.92,53.0,50.0,8.66,VE,1665500110.0
tucurui,-3.7661,-49.6725,97.52,33.0,86.0,4.9,BR,1665500111.0
nelson bay,-32.7167,152.15,61.0,94.0,7.0,8.99,AU,1665500112.0
vredendal,-31.6683,18.5012,75.27,47.0,68.0,14.65,ZA,1665500112.0
walvis bay,-22.9575,14.5053,63.09,64.0,49.0,19.91,NA,1665500113.0
hualmay,-11.0964,-77.6139,66.45,72.0,80.0,9.55,PE,1665500113.0
ewa beach,21.3156,-158.0072,76.98,87.0,100.0,0.0,US,1665500113.0
bambanglipuro,-7.95,110.2833,77.27,89.0,100.0,1.61,ID,1665500114.0
talnakh,69.4865,88.3972,34.21,98.0,100.0,8.97,RU,1665500115.0
kaoma,-14.7833,24.8,90.48,14.0,94.0,12.5,ZM,1665500115.0
garowe,8.4054,48.4845,84.51,47.0,55.0,6.2,SO,1665500116.0
belmonte,-15.8631,-38.8828,79.5,63.0,98.0,8.14,BR,1665500118.0
ambilobe,-13.2,49.05,76.12,57.0,0.0,4.41,MG,1665500118.0
saint-joseph,-21.3667,55.6167,71.98,73.0,24.0,11.12,RE,1665500119.0
ondjiva,-17.0667,15.7333,96.8,6.0,28.0,6.96,AO,1665500121.0
apac,1.9756,32.5386,76.55,69.0,42.0,2.19,UG,1665500122.0
kuri,37.5986,127.1394,46.29,87.0,0.0,3.44,KR,1665500123.0
rocha,-34.4833,-54.3333,53.13,95.0,100.0,3.98,UY,1665500125.0
flin flon,54.7682,-101.865,53.44,71.0,75.0,9.22,CA,1665500126.0
moshenskoye,58.5102,34.5911,43.54,75.0,2.0,6.38,RU,1665500126.0
la ronge,55.1001,-105.2842,44.85,81.0,100.0,13.8,CA,1665500128.0
inhambane,-23.865,35.3833,78.78,78.0,40.0,9.22,MZ,1665500128.0
kothapet,19.3333,79.4833,76.66,90.0,45.0,5.03,IN,1665500129.0
nuuk,64.1835,-51.7216,33.13,62.0,100.0,5.55,GL,1665499834.0
novi sanzhary,49.3439,34.3108,51.84,65.0,37.0,9.44,UA,1665500129.0
gondanglegi,-7.7479,112.0132,76.51,82.0,99.0,5.53,ID,1665500130.0
tagusao,9.1924,117.8141,80.6,82.0,48.0,11.05,PH,1665500130.0
dingli,35.8614,14.3822,76.82,65.0,0.0,6.91,MT,1665500130.0
fort nelson,58.8053,-122.7002,45.99,44.0,40.0,9.22,CA,1665500131.0
hobyo,5.3505,48.5268,78.35,80.0,82.0,22.32,SO,1665500132.0
cadereyta,25.5833,-99.9833,70.18,76.0,3.0,4.52,MX,1665499969.0
nanakuli,21.3906,-158.1547,76.98,83.0,100.0,0.0,US,1665500133.0
durazno,-33.4131,-56.5006,60.75,72.0,75.0,7.38,UY,1665500133.0
khabary,53.6259,79.5345,48.79,62.0,78.0,7.65,RU,1665500134.0
haines junction,60.7522,-137.5108,28.35,100.0,88.0,2.3,CA,1665500135.0
rabo de peixe,37.8,-25.5833,71.11,78.0,75.0,5.75,PT,1665500141.0
oktyabrskoye,43.0645,44.7417,51.94,66.0,75.0,4.47,RU,1665500142.0
karratha,-20.7377,116.8463,78.49,37.0,0.0,19.86,AU,1665500142.0
sabha,27.0377,14.4283,86.7,15.0,19.0,6.42,LY,1665500143.0
gvarv,59.3875,9.1737,54.81,76.0,0.0,2.3,NO,1665500144.0
quatre cocos,-20.2078,57.7625,73.51,68.0,5.0,12.66,MU,1665500144.0
maryborough,-25.5333,152.7,61.11,85.0,30.0,5.19,AU,1665500145.0
itarema,-2.9248,-39.9167,90.82,43.0,27.0,18.32,BR,1665500146.0
cap-aux-meules,47.3821,-61.8597,51.85,54.0,20.0,17.27,CA,1665500147.0
montague,42.5356,-72.5351,56.97,77.0,5.0,4.36,US,1665500147.0
ancud,-41.8697,-73.8203,47.52,95.0,100.0,17.25,CL,1665500148.0
campos,-21.75,-41.3,84.25,58.0,20.0,18.41,BR,1665500040.0
henties bay,-22.116,14.2845,62.1,83.0,11.0,15.79,NA,1665500149.0
northam,51.0333,-4.2167,60.62,63.0,54.0,7.05,GB,1665500149.0
nelson,-41.2833,173.2833,47.73,84.0,100.0,4.72,NZ,1665500149.0
sosnovo-ozerskoye,52.5249,111.5418,36.68,74.0,100.0,16.46,RU,1665500150.0
barcelos,41.5388,-8.6151,79.92,56.0,0.0,7.92,PT,1665500151.0
tobe,33.7447,132.7901,61.66,83.0,99.0,4.07,JP,1665500151.0
zhigansk,66.7697,123.3711,18.59,90.0,16.0,11.52,RU,1665500152.0
lokosovo,61.1333,74.8167,41.22,73.0,100.0,11.74,RU,1665500152.0
cangzhou,38.3167,116.8667,53.24,41.0,0.0,7.7,CN,1665500152.0
talcahuano,-36.7167,-73.1167,53.28,66.0,0.0,8.05,CL,1665500153.0
saint-dizier,48.4167,5.0833,63.68,65.0,100.0,8.39,FR,1665500153.0
hatillo,18.4863,-66.8254,90.39,79.0,45.0,7.0,PR,1665500154.0
el seibo,18.7641,-69.0375,85.53,67.0,32.0,8.48,DO,1665500154.0
ketchikan,55.3422,-131.6461,52.27,87.0,100.0,6.91,US,1665500155.0
kajaani,64.2273,27.7285,46.45,81.0,100.0,14.97,FI,1665500155.0
bajil,15.0584,43.2851,88.16,59.0,28.0,4.79,YE,1665500156.0
saint-louis,16.3333,-15.0,100.72,22.0,100.0,5.66,SN,1665500156.0
mitu,1.1983,-70.1733,73.26,98.0,100.0,1.3,CO,1665500157.0
sokoto,13.0609,5.239,97.48,18.0,21.0,6.67,NG,1665500157.0
alugan,12.2188,125.4808,78.15,88.0,100.0,4.7,PH,1665500157.0
kenai,60.5544,-151.2583,34.09,94.0,100.0,0.0,US,1665500158.0
faya,18.3851,42.4509,75.72,40.0,8.0,4.76,SA,1665500159.0
vestmannaeyjar,63.4427,-20.2734,49.19,100.0,100.0,14.97,IS,1665500159.0
narsaq,60.9167,-46.05,32.88,75.0,99.0,2.66,GL,1665500160.0
laguna,38.421,-121.4238,73.02,79.0,0.0,6.91,US,1665499923.0
gimbi,9.1667,35.8333,59.13,92.0,13.0,1.97,ET,1665500160.0
abu zabad,12.35,29.25,82.9,56.0,15.0,6.4,SD,1665500161.0
suleja,9.1758,7.1808,85.19,57.0,70.0,2.68,NG,1665500161.0
mattru,7.6244,-11.8332,80.91,88.0,100.0,2.01,SL,1665500162.0
sharan,54.8167,54.0,49.96,71.0,100.0,10.29,RU,1665500162.0
gambissara,13.2382,-14.3108,93.45,49.0,71.0,3.27,SN,1665500163.0
san pedro,14.35,121.0167,82.31,79.0,75.0,6.91,PH,1665500164.0
jinxiang,27.4327,120.6062,61.52,67.0,20.0,11.7,CN,1665500164.0
maku,39.2911,44.4521,63.0,42.0,27.0,4.9,IR,1665500164.0
rumoi,43.9344,141.6428,53.2,78.0,95.0,22.15,JP,1665500165.0
miquelon,47.0975,-56.3814,53.6,66.0,46.0,21.12,PM,1665500171.0
poso,-1.3959,120.7524,76.24,91.0,100.0,4.29,ID,1665500171.0
gornyak,50.9942,81.4661,46.42,49.0,16.0,8.1,RU,1665500172.0
trairi,-3.2778,-39.2689,89.24,43.0,9.0,18.12,BR,1665500045.0
camocim,-2.9022,-40.8411,92.7,42.0,49.0,11.52,BR,1665499929.0
dire,12.2833,-10.9667,88.45,61.0,100.0,4.94,ML,1665500173.0
kamaishi,39.2667,141.8833,59.2,76.0,77.0,10.67,JP,1665500174.0
samarai,-10.6167,150.6667,79.74,81.0,15.0,8.7,PG,1665500175.0
osorno,-40.5667,-73.15,46.71,93.0,100.0,8.05,CL,1665500175.0
montego bay,18.4712,-77.9188,85.8,70.0,20.0,9.22,JM,1665500164.0
owasso,36.2695,-95.8547,68.09,86.0,100.0,1.99,US,1665500176.0
iisalmi,63.5592,27.1907,45.16,93.0,100.0,11.18,FI,1665500176.0
kang,-23.6752,22.7876,91.33,11.0,6.0,12.24,BW,1665500177.0
hanko,59.8333,22.95,50.14,76.0,1.0,22.62,FI,1665500178.0
kushima,31.4583,131.2333,61.54,73.0,99.0,3.94,JP,1665500179.0
pontes e lacerda,-15.2261,-59.3353,94.32,37.0,19.0,6.33,BR,1665500179.0
baruun-urt,46.6806,113.2792,39.56,26.0,86.0,7.49,MN,1665500180.0
aden,12.7794,45.0367,85.17,65.0,1.0,9.01,YE,1665500027.0
grants,35.1473,-107.8514,39.43,100.0,0.0,3.44,US,1665500181.0
ustyuzhna,58.8394,36.4321,42.91,77.0,29.0,6.08,RU,1665500181.0
banda aceh,5.5577,95.3222,79.79,80.0,76.0,8.28,ID,1665500182.0
husavik,66.0449,-17.3389,42.8,64.0,100.0,9.89,IS,1665500182.0
aleksandrov gay,50.147,48.5704,57.85,52.0,0.0,8.08,RU,1665500183.0
arman,59.7,150.1667,27.3,68.0,98.0,10.67,RU,1665500184.0
adrar,20.5022,-10.0711,100.26,13.0,99.0,9.08,MR,1665500184.0
severo-yeniseyskiy,60.3725,93.0408,36.27,83.0,100.0,10.92,RU,1665500185.0
matay,28.419,30.7792,84.85,29.0,0.0,13.4,EG,1665500185.0
burgos,42.3394,-3.7079,68.41,52.0,20.0,10.36,ES,1665500186.0
westlock,54.1502,-113.8688,38.1,47.0,0.0,11.05,CA,1665500187.0
kupang,-10.1667,123.5833,81.43,77.0,67.0,6.53,ID,1665500187.0
tecpan,14.7623,-90.9947,59.88,90.0,98.0,2.13,GT,1665500188.0
launceston,-41.45,147.1667,54.81,81.0,40.0,6.91,AU,1665500188.0
tessalit,20.1986,1.0114,100.24,9.0,45.0,11.23,ML,1665500189.0
lulea,65.5842,22.1547,46.47,100.0,0.0,2.3,SE,1665500189.0
neiafu,-18.65,-173.9833,75.88,83.0,40.0,6.91,TO,1665500190.0
pundaguitan,6.3711,126.1689,83.61,76.0,97.0,6.76,PH,1665500191.0
puerto baquerizo moreno,-0.9,-89.6,67.19,88.0,75.0,9.22,EC,1665500192.0
ostrovnoy,68.0531,39.5131,45.32,76.0,18.0,15.9,RU,1665500194.0
westport,41.1415,-73.3579,65.26,64.0,3.0,4.0,US,1665500194.0
kholodnyy,62.7167,147.95,4.1,97.0,84.0,3.29,RU,1665500195.0
lubbenau,51.8667,13.9667,59.2,51.0,68.0,4.83,DE,1665500195.0
hasaki,35.7333,140.8333,64.8,62.0,100.0,17.94,JP,1665499983.0
mandan,46.8267,-100.8896,59.95,62.0,0.0,6.91,US,1665500196.0
pangkalanbuun,-2.6833,111.6167,73.67,93.0,100.0,1.39,ID,1665500196.0
concordia,-31.393,-58.0209,64.47,49.0,20.0,5.99,AR,1665500197.0
vanderhoof,54.0166,-124.0198,42.35,68.0,98.0,6.06,CA,1665500198.0
medea,36.2642,2.7539,66.24,67.0,100.0,7.94,DZ,1665500203.0
katangli,51.7102,143.2326,40.89,96.0,100.0,19.64,RU,1665500203.0
itamarandiba,-17.8572,-42.8589,84.15,29.0,5.0,7.4,BR,1665500205.0
san jeronimo,-11.9472,-75.2829,61.0,44.0,62.0,2.84,PE,1665500206.0
jati,24.3539,68.2671,87.01,33.0,0.0,12.77,PK,1665500207.0
anito,12.4497,125.2886,78.26,89.0,100.0,6.04,PH,1665500208.0
